Molecule,Affinity1,Affinity2,Affinity3,Affinity4,Affinity5,Best Affinity
166259,-7.9,-9.3,-8.5,-7.2,-7.8,-9.3
37641,-8.7,-9.1,-6.8,-6.0,-6.3,-9.1
121868,-8.2,-9.1,-8.2,-7.3,-7.3,-9.1
727038,-9.1,-8.0,-7.7,-6.6,-7.0,-9.1
117987,-8.7,-8.4,-8.4,-6.8,-7.6,-8.7
70931,-8.6,-8.3,-7.7,-7.9,-6.9,-8.6
70799,-8.1,-7.8,-8.6,-7.5,-7.6,-8.6
39938,-7.3,-7.1,-8.6,-6.5,-6.2,-8.6
94600,-6.9,-7.7,-8.6,-6.8,-6.0,-8.6
16437,-8.5,-7.2,-8.2,-7.3,-7.8,-8.5
58724,-6.4,-6.4,-8.5,-5.9,-6.5,-8.5
321496,-7.7,-7.2,-8.5,-6.7,-6.7,-8.5
55862,-7.3,-7.0,-8.5,-5.9,-6.0,-8.5
128606,-8.5,-8.0,-8.0,-6.7,-6.5,-8.5
202386,-5.8,-8.3,-7.5,-6.0,-8.4,-8.4
116702,-7.4,-7.4,-8.4,-6.7,-6.8,-8.4
5836,-6.7,-7.1,-7.4,-5.9,-8.4,-8.4
408860,-7.1,-7.2,-8.4,-6.5,-7.2,-8.4
25457,-6.9,-6.8,-8.4,-6.3,-6.8,-8.4
603071,-7.5,-8.3,-8.4,-6.8,-6.4,-8.4
1014,-7.9,-7.5,-8.4,-6.3,-7.1,-8.4
194308,-5.9,-6.8,-8.3,-6.6,-6.5,-8.3
634396,-6.2,-6.3,-8.3,-5.8,-6.1,-8.3
7578,-8.3,-8.2,-8.2,-6.6,-7.4,-8.3
601359,-7.1,-7.8,-8.3,-6.7,-7.2,-8.3
127133,-8.3,-8.1,-8.1,-6.4,-7.1,-8.3
309874,-8.3,-8.0,-7.3,-6.2,-6.4,-8.3
204232,-7.9,-8.3,-7.5,-7.5,-6.9,-8.3
107701,-8.2,-7.5,-7.5,-6.2,-7.6,-8.2
292923,-7.5,-7.1,-8.2,-6.4,-6.7,-8.2
48617,-7.1,-7.7,-8.2,-6.3,-6.7,-8.2
65238,-7.4,-7.4,-8.2,-6.7,-7.2,-8.2
270916,-7.7,-7.6,-8.1,-6.4,-6.8,-8.1
150432,-6.3,-7.4,-8.1,-6.2,-7.7,-8.1
1614,-7.9,-7.9,-7.6,-7.0,-8.1,-8.1
34219,-6.0,-5.8,-8.1,-5.7,-6.3,-8.1
305329,-5.9,-6.7,-8.1,-6.1,-5.8,-8.1
25435,-7.3,-6.5,-8.1,-6.3,-6.4,-8.1
76988,-6.4,-6.5,-8.0,-6.1,-6.5,-8.0
211490,-7.8,-7.4,-8.0,-6.4,-7.5,-8.0
17128,-7.4,-7.1,-8.0,-5.9,-6.5,-8.0
36586,-6.3,-6.3,-8.0,-5.8,-5.7,-8.0
60785,-7.9,-8.0,-7.8,-6.5,-5.7,-8.0
670283,-7.7,-7.9,-7.5,-6.6,-8.0,-8.0
326375,-8.0,-7.7,-6.7,-6.4,-6.8,-8.0
11023,-6.2,-6.5,-8.0,-5.8,-6.8,-8.0
8090,-6.6,-6.3,-8.0,-5.6,-6.1,-8.0
13051,-7.6,-6.6,-8.0,-5.9,-6.9,-8.0
522131,-6.4,-6.1,-8.0,-5.4,-6.0,-8.0
59620,-7.9,-7.6,-7.7,-7.4,-6.6,-7.9
327702,-7.7,-7.9,-7.5,-6.5,-7.0,-7.9
92849,-5.8,-6.1,-7.9,-5.8,-6.0,-7.9
359472,-7.4,-7.9,-7.2,-7.2,-6.4,-7.9
288024,-6.9,-6.0,-7.9,-5.2,-5.6,-7.9
319990,-7.0,-7.9,-7.2,-6.4,-6.5,-7.9
202705,-6.4,-6.1,-7.9,-5.6,-6.2,-7.9
86467,-6.9,-7.9,-7.3,-6.7,-6.9,-7.9
110332,-6.3,-6.3,-7.9,-5.6,-5.6,-7.9
62685,-5.8,-7.8,-7.4,-6.7,-7.9,-7.9
60659,-6.8,-6.9,-7.9,-5.8,-6.7,-7.9
73254,-7.9,-7.5,-7.1,-7.1,-7.7,-7.9
120290,-6.8,-7.8,-7.1,-6.1,-7.3,-7.8
2805,-6.6,-6.4,-7.8,-6.2,-5.9,-7.8
50648,-6.4,-7.8,-7.5,-6.8,-6.9,-7.8
13316,-7.8,-7.0,-7.2,-6.3,-6.3,-7.8
43344,-7.7,-6.5,-7.8,-5.8,-7.7,-7.8
37187,-7.0,-6.5,-7.8,-6.0,-6.8,-7.8
36693,-7.3,-7.8,-6.8,-6.5,-6.3,-7.8
159566,-7.2,-7.0,-7.8,-6.3,-6.4,-7.8
339161,-7.4,-7.8,-7.7,-6.3,-6.2,-7.8
118818,-7.8,-6.8,-7.0,-6.1,-6.2,-7.8
60013,-7.0,-7.5,-7.8,-6.0,-6.3,-7.8
11881,-7.8,-7.2,-6.9,-5.7,-6.4,-7.8
308814,-7.1,-7.8,-6.8,-5.7,-5.9,-7.8
305743,-5.8,-5.6,-7.8,-5.2,-5.9,-7.8
293360,-7.0,-7.0,-7.8,-6.5,-7.1,-7.8
295486,-7.8,-7.3,-7.3,-5.7,-5.7,-7.8
37627,-6.3,-7.8,-6.1,-6.8,-7.1,-7.8
89258,-6.4,-6.0,-7.8,-5.6,-6.8,-7.8
379639,-6.1,-6.3,-7.7,-5.8,-5.8,-7.7
156516,-7.4,-7.5,-7.7,-6.5,-7.0,-7.7
85433,-7.0,-6.6,-7.7,-5.9,-6.8,-7.7
354261,-6.6,-7.7,-6.0,-6.0,-5.8,-7.7
369070,-6.1,-6.6,-7.7,-5.6,-6.0,-7.7
376254,-7.7,-7.0,-7.3,-6.3,-5.4,-7.7
30663,-6.8,-7.7,-7.7,-5.8,-6.7,-7.7
215718,-6.0,-6.8,-7.7,-5.7,-6.1,-7.7
338042,-7.1,-7.7,-6.9,-6.7,-6.3,-7.7
108783,-6.4,-6.7,-7.7,-5.8,-5.9,-7.7
63543,-7.2,-7.7,-7.4,-6.3,-6.9,-7.7
345845,-7.6,-7.7,-7.1,-7.0,-6.7,-7.7
21603,-6.9,-6.9,-7.7,-6.5,-6.7,-7.7
37553,-6.5,-6.6,-6.2,-7.7,-7.7,-7.7
12544,-6.6,-6.0,-7.7,-5.8,-5.6,-7.7
81120,-6.4,-5.9,-7.7,-5.8,-6.3,-7.7
379697,-6.6,-6.6,-7.7,-6.0,-6.5,-7.7
71097,-6.6,-6.7,-7.7,-6.3,-6.7,-7.7
11668,-6.6,-7.1,-7.7,-7.1,-6.5,-7.7
280058,-6.9,-7.7,-7.2,-6.9,-6.9,-7.7
320218,-6.5,-7.7,-5.6,-5.7,-5.9,-7.7
9037,-7.4,-7.5,-7.7,-6.7,-6.9,-7.7
343256,-7.7,-7.6,-6.9,-6.2,-6.9,-7.7
96996,-7.5,-7.4,-7.7,-6.1,-6.2,-7.7
12028,-5.6,-6.2,-7.7,-5.8,-5.3,-7.7
214009,-5.6,-6.7,-7.7,-5.6,-6.6,-7.7
96541,-7.5,-7.7,-7.6,-6.3,-6.6,-7.7
647136,-5.8,-5.7,-7.7,-5.1,-6.0,-7.7
680515,-6.3,-5.8,-7.6,-5.4,-6.1,-7.6
689002,-7.0,-6.6,-7.6,-6.1,-6.3,-7.6
209901,-5.7,-6.5,-7.6,-5.6,-5.7,-7.6
159092,-6.6,-7.4,-7.6,-5.6,-6.7,-7.6
191454,-5.9,-7.6,-6.6,-6.1,-5.7,-7.6
67436,-6.0,-7.6,-6.7,-5.2,-5.3,-7.6
146071,-5.1,-6.1,-7.6,-5.4,-5.8,-7.6
661221,-6.6,-6.7,-7.6,-5.5,-5.8,-7.6
37168,-6.5,-7.4,-7.6,-5.7,-7.3,-7.6
661122,-7.4,-7.2,-7.6,-5.8,-6.8,-7.6
149050,-6.5,-7.0,-6.7,-6.1,-7.6,-7.6
153792,-6.6,-6.9,-7.6,-5.6,-6.2,-7.6
191441,-6.2,-7.6,-7.1,-5.7,-6.1,-7.6
19824,-7.6,-6.9,-7.6,-6.1,-7.1,-7.6
61642,-6.7,-7.6,-7.5,-6.1,-6.6,-7.6
69359,-7.6,-7.4,-7.6,-6.0,-6.4,-7.6
6145,-7.4,-6.3,-7.6,-6.0,-6.6,-7.6
290311,-7.6,-6.9,-6.3,-6.6,-6.4,-7.6
303294,-6.7,-6.9,-7.6,-6.2,-6.2,-7.6
80137,-6.9,-7.6,-6.9,-6.3,-6.8,-7.6
88916,-7.2,-7.6,-6.7,-6.4,-5.9,-7.6
109466,-6.2,-6.1,-7.6,-5.6,-6.0,-7.6
329065,-6.3,-6.7,-7.6,-6.3,-6.1,-7.6
282137,-6.7,-7.3,-7.6,-7.0,-5.9,-7.6
106464,-6.2,-6.2,-7.6,-5.8,-5.7,-7.6
245091,-7.0,-7.6,-6.5,-5.9,-6.9,-7.6
24113,-7.2,-6.6,-7.6,-5.7,-5.9,-7.6
112547,-7.2,-7.5,-7.6,-6.1,-6.3,-7.6
24032,-7.6,-7.1,-7.4,-6.1,-6.4,-7.6
352888,-6.1,-7.0,-7.6,-5.8,-6.9,-7.6
228155,-6.3,-6.5,-7.6,-6.5,-6.5,-7.6
294625,-6.5,-7.5,-7.6,-6.0,-6.1,-7.6
116709,-7.5,-7.1,-7.6,-6.5,-7.1,-7.6
22070,-6.5,-6.5,-7.6,-6.3,-6.2,-7.6
135184,-6.5,-7.1,-7.6,-6.4,-6.4,-7.6
71866,-6.2,-6.1,-7.6,-5.5,-5.9,-7.6
102314,-7.3,-6.1,-7.6,-6.1,-5.4,-7.6
4292,-5.6,-6.4,-6.9,-5.8,-7.6,-7.6
298892,-6.8,-6.9,-7.4,-6.2,-7.5,-7.5
19061,-6.5,-6.9,-7.5,-7.3,-7.4,-7.5
154127,-6.0,-6.0,-7.5,-5.6,-5.6,-7.5
379468,-5.7,-6.0,-7.5,-5.1,-5.7,-7.5
137399,-7.0,-7.5,-7.4,-7.1,-6.5,-7.5
309892,-6.1,-6.4,-7.5,-6.2,-6.8,-7.5
81463,-7.5,-7.4,-6.9,-6.3,-6.7,-7.5
105432,-5.5,-6.8,-7.5,-5.6,-6.2,-7.5
374703,-6.8,-6.6,-7.5,-6.2,-6.2,-7.5
36923,-6.8,-7.0,-7.5,-5.7,-6.0,-7.5
10211,-6.8,-7.2,-7.5,-5.6,-6.7,-7.5
177862,-7.1,-7.4,-7.3,-7.5,-7.5,-7.5
158959,-6.1,-6.2,-7.5,-5.9,-6.3,-7.5
118628,-6.3,-6.5,-7.5,-5.9,-5.7,-7.5
164991,-7.0,-7.1,-7.5,-5.9,-5.9,-7.5
5157,-7.5,-7.2,-7.4,-6.4,-7.2,-7.5
205842,-6.0,-6.4,-7.5,-5.7,-6.0,-7.5
76747,-7.5,-7.3,-7.3,-6.2,-7.2,-7.5
343557,-6.1,-6.0,-7.5,-6.1,-5.5,-7.5
270063,-5.9,-6.2,-7.5,-5.0,-6.1,-7.5
6844,-6.8,-6.5,-7.5,-6.2,-6.5,-7.5
331968,-6.3,-6.3,-7.5,-6.0,-5.8,-7.5
40275,-5.5,-6.2,-7.5,-5.1,-6.1,-7.5
524615,-5.6,-6.0,-7.5,-6.2,-6.3,-7.5
80313,-6.9,-7.0,-7.5,-6.4,-6.2,-7.5
653004,-6.8,-6.9,-7.5,-6.0,-6.8,-7.5
332670,-7.0,-7.1,-7.5,-6.4,-6.9,-7.5
11991,-6.1,-6.2,-7.5,-5.8,-5.8,-7.5
382035,-7.5,-7.2,-6.9,-6.2,-7.2,-7.5
23123,-6.5,-6.2,-7.5,-5.7,-5.9,-7.5
73054,-6.3,-6.0,-7.5,-5.2,-5.3,-7.5
325014,-6.8,-7.0,-7.4,-6.2,-6.5,-7.4
166596,-6.2,-6.4,-7.4,-5.4,-7.4,-7.4
326757,-6.3,-6.7,-7.4,-6.3,-5.8,-7.4
29073,-6.3,-6.6,-7.4,-5.7,-5.8,-7.4
25678,-6.5,-6.3,-7.0,-5.5,-7.4,-7.4
31762,-7.4,-6.9,-6.9,-6.3,-6.6,-7.4
201989,-7.2,-7.2,-7.4,-5.9,-6.6,-7.4
308835,-7.4,-7.4,-7.1,-6.7,-7.2,-7.4
201863,-7.0,-6.5,-7.4,-6.1,-5.5,-7.4
283845,-6.2,-6.7,-7.4,-5.5,-5.8,-7.4
38352,-6.2,-6.5,-7.4,-5.4,-5.8,-7.4
3753,-6.6,-6.7,-7.4,-5.5,-6.7,-7.4
32984,-7.4,-7.1,-7.1,-5.9,-6.6,-7.4
371178,-6.6,-7.4,-6.4,-6.2,-6.1,-7.4
106863,-6.0,-5.8,-7.4,-6.1,-6.2,-7.4
73053,-6.0,-6.2,-6.0,-6.9,-7.4,-7.4
149312,-6.7,-6.3,-7.4,-5.6,-5.6,-7.4
61910,-5.2,-6.1,-7.4,-5.1,-4.8,-7.4
109128,-7.4,-7.0,-6.7,-6.1,-5.9,-7.4
120289,-5.1,-6.3,-5.6,-5.4,-7.4,-7.4
153391,-6.2,-6.2,-7.4,-5.5,-5.5,-7.4
78697,-5.4,-5.8,-7.4,-5.7,-7.1,-7.4
158549,-6.6,-6.3,-7.4,-6.2,-6.2,-7.4
7962,-5.8,-6.5,-7.4,-5.6,-6.2,-7.4
112541,-6.5,-7.1,-7.3,-6.3,-6.2,-7.3
107022,-6.5,-6.6,-7.3,-6.6,-6.0,-7.3
45383,-6.6,-7.3,-6.4,-5.5,-7.2,-7.3
217697,-7.3,-6.9,-7.2,-6.1,-6.3,-7.3
99796,-5.6,-5.8,-7.3,-5.4,-5.7,-7.3
216633,-6.4,-6.5,-7.3,-6.3,-6.4,-7.3
294623,-6.7,-6.0,-7.3,-5.1,-6.2,-7.3
295300,-7.0,-7.1,-7.3,-6.1,-6.0,-7.3
54709,-7.3,-6.9,-6.9,-6.3,-7.1,-7.3
35676,-5.8,-5.8,-7.3,-5.7,-5.7,-7.3
305780,-7.3,-6.3,-6.3,-6.0,-6.7,-7.3
205827,-5.4,-6.9,-7.3,-5.9,-5.3,-7.3
45527,-6.5,-6.6,-7.3,-5.9,-6.7,-7.3
228137,-6.9,-6.2,-7.3,-6.2,-6.4,-7.3
81213,-6.3,-6.2,-7.3,-6.9,-6.3,-7.3
636734,-6.3,-6.5,-7.3,-6.1,-6.1,-7.3
177365,-6.7,-7.3,-6.6,-6.4,-7.3,-7.3
164464,-5.7,-6.6,-7.3,-5.6,-6.2,-7.3
122297,-5.8,-5.6,-7.3,-5.1,-5.2,-7.3
401077,-7.0,-7.1,-7.3,-5.9,-6.2,-7.3
95909,-6.5,-7.1,-7.3,-6.1,-6.8,-7.3
9782,-6.7,-6.9,-7.3,-6.4,-6.3,-7.3
164880,-5.6,-6.4,-7.3,-5.2,-5.6,-7.3
32673,-6.0,-6.4,-7.3,-6.3,-6.1,-7.3
372499,-6.4,-6.6,-7.3,-6.2,-6.0,-7.3
13294,-6.9,-6.8,-7.2,-6.2,-6.3,-7.2
46212,-6.5,-6.4,-7.2,-5.7,-5.6,-7.2
331972,-5.6,-6.3,-7.2,-5.4,-6.2,-7.2
26112,-6.1,-5.9,-7.2,-5.2,-5.7,-7.2
30205,-6.9,-6.8,-7.2,-6.2,-6.7,-7.2
13974,-6.0,-5.8,-7.2,-5.5,-5.4,-7.2
33005,-6.6,-5.9,-7.2,-5.7,-6.0,-7.2
76549,-6.2,-5.9,-7.2,-5.7,-5.5,-7.2
83950,-6.6,-7.2,-5.9,-5.7,-6.7,-7.2
228150,-6.3,-7.2,-6.3,-6.3,-6.2,-7.2
137577,-6.0,-6.7,-7.2,-6.0,-6.2,-7.2
123389,-6.6,-6.7,-7.2,-5.6,-6.4,-7.2
24951,-6.8,-7.2,-6.7,-6.3,-6.4,-7.2
28080,-6.8,-6.7,-7.2,-5.4,-5.9,-7.2
13176,-6.4,-7.2,-6.6,-5.8,-5.8,-7.2
13800,-5.3,-5.8,-7.2,-4.9,-4.9,-7.2
11128,-5.7,-5.9,-7.2,-5.5,-6.2,-7.2
329255,-6.5,-6.0,-7.2,-5.5,-5.3,-7.2
37433,-6.9,-6.6,-7.2,-6.1,-6.7,-7.2
103775,-5.7,-5.6,-7.2,-5.9,-6.0,-7.2
17355,-7.2,-6.7,-6.9,-6.0,-6.0,-7.2
60037,-5.3,-6.1,-7.2,-5.4,-5.4,-7.2
5476,-6.4,-6.6,-7.2,-5.7,-6.1,-7.2
64876,-6.5,-7.2,-5.8,-5.4,-6.5,-7.2
15358,-5.7,-5.9,-6.9,-5.7,-7.2,-7.2
321502,-6.6,-6.4,-7.2,-5.8,-6.1,-7.2
30813,-6.4,-7.2,-7.1,-6.3,-6.0,-7.2
33570,-7.2,-6.3,-6.7,-5.9,-6.5,-7.2
61610,-6.4,-7.2,-6.4,-6.5,-6.3,-7.2
319709,-6.3,-7.2,-6.6,-5.7,-4.7,-7.2
143241,-7.2,-6.4,-6.1,-5.4,-6.9,-7.2
645330,-6.5,-6.3,-7.2,-5.0,-6.5,-7.2
43088,-5.6,-6.4,-7.1,-5.8,-5.8,-7.1
131616,-6.5,-6.7,-6.6,-6.0,-7.1,-7.1
92937,-6.6,-6.5,-7.1,-5.8,-6.5,-7.1
176736,-7.1,-6.6,-7.0,-5.7,-6.7,-7.1
281307,-5.8,-6.3,-7.1,-5.5,-6.5,-7.1
343526,-6.0,-5.9,-7.1,-6.1,-6.0,-7.1
179822,-6.0,-6.0,-7.1,-5.4,-5.8,-7.1
246999,-6.9,-7.0,-7.1,-5.6,-5.6,-7.1
329250,-6.0,-6.3,-7.1,-5.7,-6.1,-7.1
101789,-7.1,-6.3,-6.7,-5.3,-6.3,-7.1
40306,-5.5,-6.1,-6.6,-5.5,-7.1,-7.1
328010,-6.6,-7.0,-6.4,-5.8,-7.1,-7.1
632536,-6.9,-6.7,-7.1,-6.1,-5.5,-7.1
130847,-6.6,-7.0,-7.1,-6.2,-5.6,-7.1
33353,-7.1,-6.2,-7.0,-6.0,-6.3,-7.1
329249,-6.7,-7.1,-7.0,-6.0,-6.3,-7.1
378719,-6.3,-6.2,-7.1,-6.0,-6.1,-7.1
300540,-7.0,-6.8,-6.8,-6.2,-7.1,-7.1
34875,-6.2,-6.1,-7.1,-6.0,-6.1,-7.1
375982,-6.6,-7.1,-6.9,-5.5,-6.1,-7.1
150114,-6.4,-6.9,-7.1,-6.2,-6.8,-7.1
135894,-6.6,-6.3,-7.1,-6.5,-6.0,-7.1
349156,-6.8,-6.8,-7.1,-5.9,-6.8,-7.1
45572,-5.8,-6.2,-7.1,-6.2,-6.1,-7.1
107582,-6.4,-7.1,-6.4,-5.9,-6.0,-7.1
190501,-5.8,-6.0,-7.1,-5.6,-5.5,-7.1
216183,-5.7,-6.1,-7.1,-5.0,-5.7,-7.1
292140,-6.3,-6.7,-7.1,-5.6,-6.5,-7.1
55691,-6.3,-6.5,-7.1,-6.3,-6.1,-7.1
641396,-6.3,-6.6,-7.1,-5.3,-6.0,-7.1
294153,-5.8,-5.9,-7.1,-5.1,-6.6,-7.1
81856,-5.9,-6.3,-7.0,-5.3,-6.5,-7.0
116508,-6.1,-6.2,-7.0,-5.3,-5.9,-7.0
119805,-4.9,-6.0,-7.0,-5.0,-5.5,-7.0
380802,-6.7,-6.3,-7.0,-5.5,-6.5,-7.0
346578,-6.8,-7.0,-6.5,-5.4,-5.7,-7.0
37612,-6.2,-5.7,-7.0,-5.3,-5.3,-7.0
326184,-5.8,-6.6,-6.9,-6.0,-7.0,-7.0
303612,-7.0,-7.0,-6.9,-5.8,-6.2,-7.0
304902,-5.4,-5.1,-7.0,-4.9,-5.0,-7.0
105348,-6.2,-6.4,-7.0,-5.4,-5.7,-7.0
130801,-5.3,-5.5,-7.0,-5.0,-5.6,-7.0
186067,-6.8,-6.7,-7.0,-5.6,-5.5,-7.0
15910,-6.2,-6.7,-6.9,-5.6,-7.0,-7.0
26744,-6.2,-6.2,-7.0,-5.9,-5.8,-7.0
48443,-5.5,-6.1,-7.0,-4.4,-5.6,-7.0
45384,-6.5,-7.0,-6.5,-6.2,-6.0,-7.0
51683,-6.5,-6.5,-7.0,-5.7,-6.4,-7.0
42212,-5.8,-5.7,-7.0,-5.4,-5.7,-7.0
7436,-6.2,-6.0,-7.0,-5.5,-5.7,-7.0
142335,-6.4,-6.7,-7.0,-6.7,-6.9,-7.0
66695,-5.9,-7.0,-6.3,-5.5,-5.8,-7.0
41805,-6.1,-5.7,-7.0,-5.1,-5.5,-7.0
216621,-5.7,-7.0,-6.7,-5.7,-5.8,-7.0
71881,-5.8,-6.5,-7.0,-5.9,-6.0,-7.0
215275,-5.4,-5.8,-7.0,-5.4,-4.9,-7.0
156565,-6.7,-7.0,-6.8,-6.3,-6.0,-7.0
154389,-7.0,-5.7,-5.8,-5.3,-6.0,-7.0
125344,-6.4,-7.0,-6.6,-5.8,-6.2,-7.0
46075,-7.0,-5.7,-6.2,-5.2,-5.5,-7.0
33738,-6.0,-5.9,-7.0,-5.9,-6.2,-7.0
362093,-5.9,-6.6,-6.9,-5.2,-5.9,-6.9
367416,-5.7,-5.8,-6.9,-5.0,-5.2,-6.9
116644,-6.1,-6.8,-6.9,-6.2,-5.3,-6.9
159686,-6.0,-6.1,-6.9,-5.3,-6.0,-6.9
116640,-6.0,-6.8,-6.9,-6.4,-5.9,-6.9
337726,-6.5,-6.6,-6.8,-5.9,-6.9,-6.9
87838,-6.7,-6.5,-6.9,-5.9,-5.4,-6.9
88795,-6.0,-6.1,-6.9,-5.5,-5.5,-6.9
342459,-6.2,-5.6,-5.4,-5.8,-6.9,-6.9
660300,-5.5,-6.1,-6.9,-5.0,-5.4,-6.9
5426,-6.5,-6.3,-6.9,-5.9,-5.9,-6.9
55845,-5.9,-6.3,-6.9,-5.6,-6.3,-6.9
301168,-5.9,-6.1,-6.9,-5.2,-5.7,-6.9
87084,-5.9,-6.1,-6.9,-5.7,-6.6,-6.9
637578,-6.0,-6.9,-6.8,-5.1,-5.7,-6.9
38007,-6.6,-6.1,-6.9,-5.8,-5.8,-6.9
79582,-5.9,-5.7,-6.9,-5.5,-5.3,-6.9
164459,-6.1,-6.1,-6.9,-5.6,-5.7,-6.9
127886,-5.6,-6.0,-6.9,-5.9,-6.1,-6.9
275266,-6.2,-6.9,-6.6,-5.5,-6.1,-6.9
276736,-6.7,-6.5,-6.9,-5.2,-5.8,-6.9
40269,-6.6,-6.9,-6.7,-5.7,-5.7,-6.9
7572,-5.2,-6.0,-6.9,-4.8,-5.8,-6.9
241624,-6.9,-6.3,-6.3,-5.8,-5.8,-6.9
371765,-6.3,-6.6,-6.9,-5.9,-6.1,-6.9
135168,-6.2,-6.9,-5.8,-5.2,-6.8,-6.9
101298,-4.9,-5.3,-6.9,-4.9,-5.0,-6.9
10091,-5.9,-6.3,-6.9,-5.8,-5.8,-6.9
133075,-5.9,-6.3,-6.6,-6.0,-6.9,-6.9
82560,-5.2,-6.0,-6.9,-5.9,-6.0,-6.9
326385,-6.0,-5.7,-6.9,-5.5,-6.0,-6.9
120307,-5.9,-6.3,-6.9,-5.9,-5.8,-6.9
236254,-6.5,-6.4,-6.9,-6.5,-6.7,-6.9
22939,-6.0,-5.4,-6.9,-5.1,-5.7,-6.9
11912,-5.4,-5.6,-6.9,-5.1,-5.2,-6.9
164435,-6.1,-6.1,-6.9,-5.3,-5.8,-6.9
117268,-6.3,-6.5,-6.5,-6.3,-6.9,-6.9
117028,-6.5,-6.8,-6.9,-6.2,-6.7,-6.9
37003,-5.2,-5.8,-6.9,-4.8,-6.3,-6.9
319435,-5.9,-6.4,-6.8,-5.9,-5.7,-6.8
177866,-6.1,-5.7,-6.8,-5.7,-5.8,-6.8
170637,-5.9,-5.5,-6.8,-5.0,-5.4,-6.8
34910,-6.3,-5.7,-6.8,-5.8,-6.3,-6.8
100708,-6.8,-6.3,-5.9,-5.1,-5.6,-6.8
324623,-6.8,-6.4,-6.8,-5.9,-6.2,-6.8
335048,-6.3,-6.1,-6.8,-5.5,-6.1,-6.8
372769,-5.9,-5.7,-6.8,-5.4,-6.0,-6.8
7867,-6.2,-5.9,-6.8,-5.2,-5.8,-6.8
50654,-6.7,-6.7,-6.8,-5.6,-6.2,-6.8
317003,-6.1,-6.4,-6.8,-5.2,-5.0,-6.8
41148,-6.8,-6.5,-6.6,-6.0,-5.9,-6.8
131467,-4.8,-6.8,-6.1,-5.2,-5.5,-6.8
400770,-6.8,-6.2,-6.5,-5.5,-6.1,-6.8
120913,-5.8,-5.8,-6.8,-5.5,-5.1,-6.8
39984,-6.1,-5.7,-6.8,-5.1,-5.6,-6.8
80731,-6.0,-6.8,-5.7,-6.4,-5.6,-6.8
369066,-5.2,-6.0,-6.8,-5.6,-5.7,-6.8
215721,-5.9,-6.2,-6.8,-5.9,-6.1,-6.8
49643,-6.2,-6.8,-6.2,-5.1,-6.7,-6.8
105781,-6.8,-6.6,-6.5,-5.4,-5.5,-6.8
114414,-5.9,-6.7,-6.8,-5.6,-5.6,-6.8
112125,-6.2,-6.6,-6.8,-5.3,-5.8,-6.8
3323,-6.8,-5.8,-6.5,-5.6,-5.8,-6.8
145992,-5.7,-6.0,-6.8,-5.7,-6.2,-6.8
111118,-5.9,-5.8,-6.8,-5.0,-5.3,-6.8
146554,-6.1,-6.5,-6.8,-5.7,-6.8,-6.8
89201,-6.1,-6.6,-6.8,-5.5,-6.1,-6.8
339594,-6.4,-6.8,-6.0,-6.4,-6.5,-6.8
310113,-5.7,-5.9,-6.8,-4.8,-4.9,-6.8
310354,-6.6,-6.6,-6.8,-5.5,-6.8,-6.8
142446,-6.2,-6.8,-6.0,-5.8,-5.9,-6.8
61888,-5.4,-5.8,-6.8,-5.4,-5.4,-6.8
331977,-6.1,-5.9,-6.7,-5.5,-5.8,-6.7
338106,-6.5,-5.3,-6.7,-6.0,-6.1,-6.7
100058,-6.6,-5.9,-6.7,-5.3,-5.8,-6.7
321491,-6.7,-6.4,-6.3,-5.6,-5.9,-6.7
170578,-5.5,-5.8,-6.7,-5.1,-6.3,-6.7
372275,-6.5,-5.6,-6.7,-5.7,-6.0,-6.7
62611,-5.4,-5.7,-6.7,-5.1,-6.5,-6.7
158413,-6.7,-6.5,-6.6,-6.5,-5.9,-6.7
637359,-5.8,-5.7,-6.7,-5.3,-6.1,-6.7
154585,-6.7,-6.5,-6.1,-5.4,-6.0,-6.7
170955,-6.7,-6.5,-6.0,-5.9,-6.2,-6.7
15359,-5.6,-5.6,-6.3,-4.7,-6.7,-6.7
65689,-6.7,-6.5,-6.4,-5.6,-5.7,-6.7
14771,-5.6,-5.5,-6.7,-5.4,-5.0,-6.7
114449,-6.1,-6.2,-6.7,-5.9,-6.3,-6.7
109747,-5.7,-6.2,-6.7,-5.8,-5.8,-6.7
106282,-6.1,-5.6,-6.7,-5.6,-5.8,-6.7
93427,-6.7,-6.7,-6.7,-5.8,-6.1,-6.7
64859,-5.8,-5.8,-6.7,-4.8,-5.3,-6.7
17362,-6.4,-6.4,-6.7,-5.7,-6.3,-6.7
163443,-6.7,-5.7,-5.4,-5.0,-5.0,-6.7
26113,-6.3,-6.2,-6.7,-5.8,-5.7,-6.7
375981,-6.6,-5.9,-6.5,-6.7,-5.8,-6.7
298793,-4.8,-5.4,-6.7,-5.1,-4.9,-6.7
279895,-5.3,-5.2,-6.7,-5.0,-5.4,-6.7
269904,-5.7,-5.6,-6.7,-5.2,-5.3,-6.7
242557,-6.7,-6.0,-6.7,-5.2,-6.2,-6.7
216623,-5.1,-6.7,-6.5,-6.0,-5.8,-6.7
351674,-6.6,-5.8,-6.7,-5.4,-6.5,-6.7
203912,-5.7,-6.6,-6.4,-5.9,-6.7,-6.7
214029,-6.0,-5.6,-6.7,-5.7,-5.8,-6.7
204665,-5.3,-6.7,-5.6,-5.7,-4.9,-6.7
46385,-5.3,-6.3,-5.4,-5.7,-6.7,-6.7
215276,-5.6,-5.4,-6.7,-5.7,-6.0,-6.7
367480,-6.3,-5.6,-6.6,-5.1,-5.6,-6.6
46492,-5.9,-5.8,-6.6,-5.7,-5.9,-6.6
84100,-6.3,-6.6,-6.5,-6.6,-6.6,-6.6
76478,-6.4,-6.4,-6.6,-5.4,-6.1,-6.6
69421,-6.1,-5.7,-6.6,-5.3,-5.7,-6.6
679525,-6.6,-6.4,-6.5,-5.0,-5.8,-6.6
66122,-6.2,-6.2,-6.6,-4.9,-5.3,-6.6
56287,-6.0,-6.2,-6.6,-5.6,-6.1,-6.6
41098,-6.2,-6.1,-6.6,-5.6,-6.0,-6.6
630602,-5.5,-6.0,-6.2,-5.0,-6.6,-6.6
6821,-5.5,-5.6,-6.6,-4.9,-5.8,-6.6
55152,-5.5,-5.5,-5.7,-6.6,-4.8,-6.6
99867,-6.4,-6.6,-5.7,-6.6,-5.5,-6.6
15372,-5.7,-6.0,-6.6,-5.2,-5.9,-6.6
12262,-5.9,-6.2,-6.6,-5.7,-5.7,-6.6
328087,-5.9,-5.3,-6.6,-5.3,-6.4,-6.6
124818,-5.4,-5.9,-6.6,-4.9,-5.5,-6.6
147358,-6.3,-6.2,-6.6,-5.7,-6.3,-6.6
146771,-6.6,-6.2,-4.8,-5.9,-6.6,-6.6
204939,-6.0,-5.3,-6.6,-4.8,-5.0,-6.6
11664,-5.5,-5.8,-6.6,-4.9,-5.6,-6.6
135412,-6.6,-6.6,-5.9,-5.8,-6.4,-6.6
13156,-6.0,-6.2,-6.6,-5.7,-5.5,-6.6
326182,-6.2,-6.2,-6.6,-5.4,-6.2,-6.6
117554,-6.6,-6.5,-6.3,-6.1,-6.5,-6.6
170621,-5.2,-5.4,-6.6,-5.3,-4.6,-6.6
140899,-5.3,-5.4,-6.6,-5.0,-5.5,-6.6
203837,-5.7,-6.5,-6.6,-6.1,-5.9,-6.6
144694,-5.9,-5.9,-6.6,-5.2,-5.9,-6.6
33575,-5.8,-6.3,-6.6,-6.0,-6.0,-6.6
43308,-6.0,-6.0,-6.5,-5.3,-5.9,-6.5
146770,-5.1,-6.5,-5.8,-5.2,-5.1,-6.5
378717,-5.1,-5.5,-6.5,-4.9,-5.2,-6.5
28341,-5.1,-6.1,-6.5,-5.9,-5.3,-6.5
4429,-6.4,-6.5,-5.8,-6.5,-5.8,-6.5
43506,-6.0,-5.9,-6.5,-5.4,-5.9,-6.5
3193,-5.5,-5.6,-6.5,-4.4,-5.0,-6.5
80735,-6.5,-6.0,-5.6,-5.6,-4.8,-6.5
65537,-6.1,-6.5,-5.5,-5.5,-6.0,-6.5
122385,-5.9,-5.6,-6.5,-4.9,-5.4,-6.5
6910,-5.3,-6.1,-6.5,-5.0,-6.5,-6.5
44584,-4.9,-5.3,-6.5,-5.0,-5.5,-6.5
3076,-5.7,-5.9,-6.5,-5.9,-6.2,-6.5
252359,-6.3,-5.4,-6.5,-5.3,-5.6,-6.5
11296,-5.7,-5.8,-6.5,-4.8,-5.6,-6.5
17148,-6.1,-6.1,-6.4,-5.6,-6.5,-6.5
98857,-5.7,-5.7,-6.5,-5.1,-5.5,-6.5
96491,-5.7,-5.9,-6.5,-5.8,-6.0,-6.5
127458,-5.1,-5.3,-6.5,-4.8,-5.3,-6.5
34879,-5.5,-6.3,-6.5,-5.2,-6.5,-6.5
126226,-5.4,-5.2,-6.5,-5.6,-5.7,-6.5
93945,-5.1,-6.2,-6.5,-5.1,-5.2,-6.5
6268,-6.0,-5.7,-6.5,-4.9,-5.7,-6.5
211340,-5.6,-6.5,-6.2,-5.7,-6.3,-6.5
33173,-6.5,-5.9,-6.4,-5.1,-5.6,-6.5
367474,-6.5,-6.1,-6.4,-5.6,-5.3,-6.5
50651,-6.5,-6.2,-6.2,-6.0,-6.1,-6.5
503425,-4.7,-5.0,-6.5,-4.5,-5.7,-6.5
637343,-5.6,-5.6,-6.5,-5.3,-5.7,-6.5
328111,-5.8,-6.2,-6.5,-5.9,-5.7,-6.5
110899,-5.1,-6.1,-6.1,-5.7,-6.5,-6.5
210816,-5.5,-5.5,-6.5,-5.4,-5.9,-6.5
50688,-6.1,-5.8,-6.5,-6.2,-5.6,-6.5
133351,-5.4,-6.3,-6.4,-5.3,-5.8,-6.4
270071,-5.2,-6.4,-6.3,-5.2,-6.2,-6.4
60339,-6.4,-6.3,-5.4,-6.0,-6.0,-6.4
645033,-6.3,-6.4,-6.4,-5.3,-6.1,-6.4
151252,-5.9,-5.7,-6.4,-5.5,-5.8,-6.4
638080,-5.3,-5.5,-6.4,-5.8,-4.9,-6.4
204920,-5.3,-5.4,-6.4,-5.1,-5.7,-6.4
157522,-6.3,-5.8,-6.4,-5.3,-5.7,-6.4
204262,-4.9,-5.6,-6.4,-5.4,-6.0,-6.4
16631,-4.7,-4.6,-6.4,-4.3,-5.5,-6.4
201631,-5.6,-6.4,-5.6,-5.5,-4.6,-6.4
215585,-5.3,-5.7,-6.4,-5.4,-5.0,-6.4
1847,-5.5,-5.8,-6.4,-5.3,-6.2,-6.4
284234,-4.7,-5.1,-6.4,-4.5,-5.0,-6.4
379651,-5.7,-6.2,-6.4,-6.3,-6.4,-6.4
37812,-5.5,-5.4,-6.4,-5.2,-5.5,-6.4
36525,-5.5,-5.6,-6.4,-5.4,-5.8,-6.4
374814,-5.3,-5.8,-6.4,-4.8,-4.9,-6.4
81750,-5.3,-6.4,-5.9,-5.1,-4.8,-6.4
10416,-6.3,-6.4,-6.2,-5.6,-6.4,-6.4
12488,-5.4,-5.8,-6.4,-5.1,-5.8,-6.4
372221,-5.1,-5.0,-6.4,-4.7,-4.7,-6.4
329052,-5.5,-5.7,-6.4,-5.3,-5.8,-6.4
366289,-5.9,-6.0,-6.4,-5.0,-5.0,-6.4
319424,-4.9,-4.9,-6.4,-4.8,-4.3,-6.4
33010,-6.2,-5.3,-6.4,-5.2,-5.0,-6.4
104969,-5.2,-5.2,-6.4,-4.9,-5.2,-6.4
109813,-5.4,-5.5,-6.4,-4.9,-5.2,-6.4
105827,-5.5,-6.1,-5.9,-5.4,-6.4,-6.4
103520,-6.0,-5.7,-6.4,-6.0,-5.9,-6.4
372767,-6.1,-6.3,-6.4,-5.8,-5.3,-6.4
76350,-5.0,-5.7,-6.3,-5.5,-5.6,-6.3
319994,-5.8,-6.3,-6.0,-5.5,-5.6,-6.3
11150,-5.6,-5.8,-6.3,-5.5,-5.2,-6.3
328130,-5.6,-6.1,-6.3,-5.3,-4.9,-6.3
637317,-6.0,-6.1,-6.3,-5.7,-5.5,-6.3
63680,-6.1,-6.1,-6.1,-5.3,-6.3,-6.3
110562,-5.4,-5.3,-6.3,-5.3,-5.2,-6.3
366801,-6.3,-5.9,-5.8,-5.6,-6.1,-6.3
375105,-5.9,-5.8,-6.3,-5.0,-6.3,-6.3
82339,-5.1,-4.9,-6.3,-5.0,-5.0,-6.3
138389,-6.3,-5.4,-6.1,-5.2,-5.3,-6.3
285669,-4.9,-5.4,-6.3,-4.7,-5.9,-6.3
78130,-5.5,-5.7,-6.3,-5.2,-5.1,-6.3
343550,-5.3,-6.3,-6.0,-4.9,-6.3,-6.3
9852,-5.5,-6.1,-6.3,-5.8,-6.0,-6.3
29471,-4.2,-4.9,-6.3,-4.7,-4.9,-6.3
407628,-6.3,-6.2,-6.3,-5.3,-5.7,-6.3
163823,-5.7,-5.9,-6.3,-4.9,-5.6,-6.3
138398,-6.0,-6.0,-6.3,-5.4,-5.7,-6.3
157725,-6.3,-5.8,-5.7,-5.2,-6.3,-6.3
680495,-5.4,-5.9,-6.3,-5.6,-5.6,-6.3
11826,-5.5,-5.6,-6.3,-5.5,-5.4,-6.3
168225,-5.1,-5.1,-6.3,-5.3,-4.7,-6.3
227309,-5.3,-5.2,-6.3,-5.2,-5.2,-6.3
303304,-6.2,-6.3,-6.0,-5.2,-5.7,-6.3
44750,-5.7,-6.0,-6.2,-5.7,-6.3,-6.3
118723,-5.6,-5.5,-6.3,-5.2,-5.7,-6.3
158383,-5.8,-6.2,-6.2,-5.8,-6.1,-6.2
166637,-5.1,-5.6,-6.2,-4.7,-4.6,-6.2
177407,-5.4,-4.8,-6.2,-5.0,-4.3,-6.2
103770,-5.3,-5.8,-6.0,-5.4,-6.2,-6.2
126347,-5.8,-5.5,-6.2,-4.9,-5.0,-6.2
154718,-5.1,-5.0,-6.2,-4.9,-4.8,-6.2
643029,-5.4,-5.5,-6.2,-5.4,-5.6,-6.2
11624,-5.2,-5.4,-6.2,-4.8,-5.7,-6.2
83237,-4.9,-5.1,-6.2,-5.1,-5.0,-6.2
665497,-6.0,-6.2,-6.1,-5.9,-5.3,-6.2
11667,-6.2,-6.0,-6.2,-5.8,-6.2,-6.2
672865,-5.5,-5.9,-6.2,-5.6,-5.7,-6.2
79486,-5.8,-5.4,-6.2,-5.0,-6.0,-6.2
71795,-6.1,-6.2,-6.2,-5.0,-5.7,-6.2
7218,-6.2,-6.0,-6.2,-5.3,-5.5,-6.2
133356,-5.6,-5.9,-6.2,-5.7,-5.7,-6.2
125095,-5.8,-6.2,-6.2,-5.2,-5.5,-6.2
88600,-5.5,-5.9,-6.2,-5.8,-5.7,-6.2
57624,-5.8,-5.8,-5.0,-5.3,-6.2,-6.2
347463,-6.1,-5.7,-6.2,-6.1,-5.9,-6.2
20618,-4.7,-4.6,-6.2,-4.7,-4.3,-6.2
44556,-5.3,-5.8,-6.2,-5.2,-5.1,-6.2
33478,-5.7,-5.5,-6.2,-5.2,-5.6,-6.2
364889,-5.7,-5.9,-6.2,-5.1,-4.6,-6.2
260594,-5.6,-5.8,-5.2,-6.2,-4.7,-6.2
330770,-5.5,-5.4,-5.9,-5.6,-6.2,-6.2
21709,-5.3,-5.5,-6.2,-4.4,-4.6,-6.2
201868,-6.0,-6.1,-6.2,-5.3,-5.7,-6.2
234945,-5.5,-5.3,-6.2,-5.4,-5.1,-6.2
295404,-5.3,-5.4,-6.2,-5.2,-5.4,-6.2
316458,-5.1,-6.1,-6.2,-5.2,-5.3,-6.2
332473,-5.7,-5.7,-6.2,-5.5,-5.5,-6.2
308849,-6.0,-6.2,-5.0,-4.7,-5.0,-6.2
45745,-4.9,-6.0,-6.1,-4.8,-5.9,-6.1
646976,-5.0,-5.4,-6.1,-4.4,-5.0,-6.1
378711,-5.7,-5.0,-6.1,-4.5,-5.3,-6.1
47619,-5.4,-6.0,-6.1,-5.5,-5.9,-6.1
47680,-5.4,-6.1,-6.0,-5.1,-5.4,-6.1
217306,-5.6,-5.9,-6.1,-4.6,-6.1,-6.1
66241,-5.5,-5.3,-4.8,-4.6,-6.1,-6.1
152551,-5.3,-5.6,-6.1,-5.0,-5.0,-6.1
149054,-6.1,-5.8,-6.0,-5.2,-5.4,-6.1
19123,-5.9,-5.9,-5.6,-4.7,-6.1,-6.1
140892,-4.6,-5.7,-6.1,-4.3,-5.0,-6.1
91356,-5.0,-6.1,-5.8,-4.9,-5.4,-6.1
19136,-5.3,-5.7,-6.1,-5.3,-5.2,-6.1
13487,-5.8,-6.1,-5.5,-5.6,-5.7,-6.1
134199,-5.6,-6.0,-6.1,-5.3,-5.9,-6.1
27389,-5.0,-5.0,-6.1,-5.4,-5.8,-6.1
39047,-5.6,-6.1,-6.1,-5.0,-5.5,-6.1
38042,-6.1,-5.5,-5.9,-4.3,-5.8,-6.1
84200,-4.6,-4.5,-6.1,-4.5,-4.3,-6.1
319034,-4.8,-4.8,-6.1,-5.2,-4.8,-6.1
30930,-4.8,-5.3,-6.1,-4.8,-5.4,-6.1
331208,-5.1,-5.3,-6.1,-5.0,-4.8,-6.1
25673,-5.7,-5.5,-6.1,-5.2,-5.7,-6.1
660151,-5.0,-4.5,-6.1,-4.4,-4.6,-6.1
16873,-5.1,-5.0,-6.1,-4.6,-5.3,-6.1
361570,-5.7,-5.9,-6.1,-5.0,-5.8,-6.1
366802,-6.1,-5.7,-5.7,-4.6,-5.0,-6.1
15776,-5.3,-5.4,-6.1,-5.1,-5.5,-6.1
15784,-5.4,-5.5,-6.1,-5.3,-5.2,-6.1
19637,-4.7,-5.4,-5.3,-5.4,-6.1,-6.1
51349,-6.1,-5.5,-6.0,-4.9,-5.6,-6.1
16722,-4.9,-6.0,-6.1,-5.1,-5.8,-6.1
144982,-6.0,-5.8,-6.0,-5.4,-5.5,-6.0
524385,-4.9,-5.0,-6.0,-4.2,-4.5,-6.0
88998,-5.3,-4.7,-6.0,-4.6,-5.0,-6.0
40614,-5.6,-6.0,-6.0,-5.2,-6.0,-6.0
87010,-5.7,-5.3,-6.0,-5.1,-5.9,-6.0
27305,-5.7,-6.0,-5.9,-5.5,-5.3,-6.0
103331,-5.6,-6.0,-5.9,-4.6,-4.9,-6.0
14142,-5.6,-5.6,-6.0,-5.8,-5.5,-6.0
165701,-5.4,-5.7,-6.0,-5.0,-5.0,-6.0
89602,-5.8,-5.2,-6.0,-5.2,-5.4,-6.0
211356,-4.6,-6.0,-5.0,-4.7,-5.1,-6.0
303244,-5.1,-5.4,-6.0,-4.7,-5.4,-6.0
30260,-5.1,-6.0,-5.6,-5.7,-5.6,-6.0
155698,-5.0,-5.0,-6.0,-4.9,-4.8,-6.0
150954,-5.0,-5.4,-6.0,-4.9,-5.0,-6.0
195031,-4.4,-4.5,-5.9,-4.2,-4.7,-5.9
103189,-5.9,-5.9,-5.5,-5.1,-5.4,-5.9
280594,-5.1,-5.8,-5.9,-5.3,-5.6,-5.9
75241,-4.9,-5.3,-5.9,-5.0,-5.1,-5.9
88324,-4.4,-4.6,-5.9,-5.1,-4.7,-5.9
281624,-5.5,-5.0,-5.9,-4.8,-4.5,-5.9
77913,-5.2,-5.1,-5.9,-4.4,-4.6,-5.9
55453,-4.6,-4.9,-5.9,-4.9,-4.9,-5.9
18883,-5.7,-5.9,-4.9,-4.7,-5.0,-5.9
10173,-5.5,-5.9,-5.8,-5.2,-5.7,-5.9
35964,-4.8,-5.3,-5.9,-4.4,-5.4,-5.9
278323,-5.6,-5.0,-5.9,-4.2,-4.8,-5.9
13658,-5.4,-5.4,-5.9,-5.1,-4.8,-5.9
301167,-5.5,-5.7,-5.7,-5.9,-5.6,-5.9
23225,-4.7,-4.9,-5.9,-5.5,-5.7,-5.9
109231,-4.5,-5.6,-5.9,-4.8,-5.5,-5.9
51351,-5.2,-5.8,-5.9,-4.3,-5.4,-5.9
89429,-5.5,-5.2,-5.5,-4.8,-5.9,-5.9
220030,-5.5,-5.1,-5.9,-4.6,-4.7,-5.9
168221,-5.4,-5.3,-5.9,-4.6,-5.0,-5.9
91378,-4.8,-5.9,-5.3,-4.4,-3.8,-5.9
6866,-5.4,-5.2,-5.9,-5.3,-5.2,-5.9
15362,-5.4,-5.5,-5.8,-4.9,-5.6,-5.8
159398,-5.0,-5.2,-5.8,-5.0,-5.0,-5.8
19108,-5.1,-5.4,-5.8,-5.1,-5.6,-5.8
57165,-4.4,-4.7,-5.8,-4.5,-5.4,-5.8
151888,-5.4,-5.4,-5.3,-5.8,-5.5,-5.8
341074,-5.3,-5.7,-5.6,-4.6,-5.8,-5.8
89821,-4.6,-5.8,-5.3,-5.3,-5.5,-5.8
204976,-5.7,-5.2,-5.8,-4.7,-5.3,-5.8
327444,-5.3,-5.5,-5.8,-5.4,-5.0,-5.8
41092,-5.2,-5.5,-5.3,-4.7,-5.8,-5.8
111194,-5.8,-5.4,-5.7,-5.0,-5.6,-5.8
91396,-5.3,-5.6,-5.8,-4.3,-5.7,-5.8
525721,-5.3,-5.1,-5.6,-4.8,-5.8,-5.8
148832,-5.6,-5.8,-5.4,-4.9,-5.1,-5.8
36753,-5.3,-5.4,-5.8,-4.7,-5.6,-5.8
62609,-5.0,-5.3,-5.8,-5.2,-5.4,-5.8
60239,-5.0,-4.9,-5.8,-4.5,-5.1,-5.8
623638,-5.8,-5.7,-5.3,-4.5,-4.9,-5.8
131986,-4.5,-4.3,-5.8,-4.0,-4.1,-5.8
126405,-4.7,-4.8,-5.8,-4.9,-4.9,-5.8
88962,-4.6,-4.7,-5.8,-4.4,-5.2,-5.8
88883,-4.9,-5.0,-5.7,-4.5,-5.6,-5.7
9358,-4.7,-4.4,-5.7,-5.0,-4.4,-5.7
106261,-5.0,-4.9,-5.7,-5.3,-5.2,-5.7
112677,-5.1,-5.4,-5.7,-4.7,-5.2,-5.7
327693,-5.0,-5.2,-5.7,-4.8,-5.0,-5.7
366086,-5.7,-5.5,-5.3,-5.4,-5.6,-5.7
83345,-5.1,-5.1,-5.7,-4.9,-4.9,-5.7
40500,-4.8,-5.2,-5.7,-4.7,-5.1,-5.7
56906,-4.4,-4.6,-5.7,-4.6,-4.8,-5.7
162915,-4.6,-5.5,-5.7,-4.5,-4.5,-5.7
42135,-5.3,-5.6,-5.7,-5.0,-5.6,-5.7
60548,-4.4,-4.4,-5.7,-4.7,-5.7,-5.7
79538,-4.9,-5.1,-5.7,-5.1,-5.5,-5.7
299119,-4.8,-5.7,-5.7,-4.7,-5.6,-5.7
15364,-5.3,-4.9,-5.7,-5.2,-5.0,-5.7
29200,-5.5,-5.3,-5.7,-4.4,-5.2,-5.7
14303,-4.8,-5.3,-5.6,-4.8,-5.3,-5.6
136065,-4.7,-4.5,-5.6,-4.4,-4.6,-5.6
19141,-4.6,-5.6,-5.5,-5.6,-4.8,-5.6
75885,-5.3,-4.8,-5.6,-5.0,-5.5,-5.6
97920,-5.3,-5.6,-5.0,-5.4,-4.7,-5.6
287495,-4.5,-4.8,-5.6,-4.8,-5.4,-5.6
64952,-3.8,-4.2,-5.6,-4.3,-3.9,-5.6
50858,-4.6,-5.0,-5.6,-5.2,-5.0,-5.6
79559,-4.6,-5.6,-5.5,-4.7,-5.4,-5.6
124146,-5.5,-5.6,-5.6,-5.2,-5.6,-5.6
10428,-4.6,-5.4,-5.3,-4.7,-5.6,-5.6
509563,-5.0,-4.2,-5.6,-5.1,-4.4,-5.6
203065,-4.7,-4.6,-5.5,-4.6,-5.6,-5.6
326422,-4.5,-4.9,-5.6,-4.4,-4.4,-5.6
637290,-4.9,-5.4,-5.5,-5.0,-5.0,-5.5
367469,-5.2,-5.5,-5.3,-5.0,-5.0,-5.5
48388,-4.0,-5.5,-5.5,-4.4,-5.3,-5.5
147866,-5.3,-5.5,-5.4,-5.3,-5.0,-5.5
13616,-4.9,-5.5,-5.4,-4.1,-4.9,-5.5
238929,-5.2,-5.0,-5.5,-5.0,-5.1,-5.5
373600,-4.6,-4.8,-5.5,-5.4,-4.1,-5.5
37955,-5.5,-5.3,-5.0,-4.7,-4.8,-5.5
121908,-4.7,-5.3,-5.3,-5.0,-5.5,-5.5
120312,-4.4,-4.5,-5.5,-4.7,-4.3,-5.5
21333,-4.2,-5.5,-5.3,-5.1,-5.0,-5.5
59776,-5.1,-5.1,-5.4,-5.3,-5.2,-5.4
48422,-4.5,-4.9,-5.4,-4.4,-4.7,-5.4
20586,-4.8,-5.2,-5.4,-4.8,-5.3,-5.4
379536,-4.4,-4.7,-5.4,-4.4,-4.5,-5.4
55957,-4.8,-4.8,-5.4,-4.7,-4.9,-5.4
53275,-4.3,-5.2,-5.0,-4.3,-5.4,-5.4
174084,-4.8,-5.3,-5.2,-4.8,-4.9,-5.3
379388,-5.3,-5.3,-5.3,-4.7,-4.4,-5.3
130872,-4.9,-4.8,-5.3,-4.7,-4.7,-5.3
77596,-4.5,-4.6,-5.3,-4.8,-4.5,-5.3
19487,-4.5,-4.9,-5.2,-4.3,-4.6,-5.2
140873,-5.1,-4.8,-4.8,-4.7,-4.3,-5.1
39336,-4.5,-4.5,-5.1,-4.1,-5.0,-5.1
299968,-4.2,-5.1,-4.6,-4.5,-4.8,-5.1
118832,-4.4,-4.4,-4.8,-5.0,-5.1,-5.1
31208,-4.6,-5.0,-5.1,-4.7,-4.9,-5.1
